country,city,2000,2001,2002,2003,2004,2005,2006,2007,2008,2009,2010,2011,2012,2013
Afghanistan,Kabul,15.822666666666665,15.847916666666668,15.714583333333332,15.132583333333335,16.128416666666666,14.847500000000002,15.798499999999999,15.518,15.47925,15.093333333333334,15.676,15.812166666666668,14.510333333333335,16.206125
Angola,Luanda,24.41033333333333,24.427083333333332,24.790916666666664,24.867166666666666,24.216166666666666,24.414583333333336,24.138416666666668,24.241583333333335,24.266333333333336,24.325083333333335,24.440250000000002,24.150750000000002,24.24008333333333,24.553875
Australia,Melbourne,14.320083333333335,14.18,14.075833333333334,13.985583333333333,13.742083333333333,14.3785,13.991083333333334,14.991833333333332,14.110583333333333,14.647416666666667,14.231666666666667,14.190916666666666,14.268666666666668,14.7415
Australia,Sydney,17.567416666666666,17.8545,17.733833333333333,17.592333333333332,17.869666666666667,18.02808333333333,17.7495,18.020833333333332,17.321083333333334,18.175833333333333,17.999,17.713333333333335,17.474333333333334,18.08975
Bangladesh,Dhaka,25.90525,25.931250000000002,26.095,25.92741666666667,26.136083333333332,26.19333333333333,26.440416666666664,25.951333333333334,26.004500000000004,26.535583333333335,26.64816666666667,25.803250000000002,26.283583333333336,26.587
Brazil,Belo Horizonte,21.694916666666668,22.141500000000004,22.497333333333334,22.078916666666668,21.588583333333332,22.054666666666666,21.817916666666665,22.189333333333334,21.857916666666668,22.24875,22.116333333333333,21.7405,22.1615,21.586125
Brazil,Brasília,22.456166666666665,22.56533333333333,23.1755,22.749,22.606583333333333,22.73675,22.349166666666665,22.998,22.595333333333333,22.663,23.03516666666667,22.38716666666667,22.84358333333334,22.601375
Brazil,Fortaleza,27.495166666666666,27.692833333333336,27.853083333333334,27.86283333333333,27.721083333333336,28.171000000000003,27.75991666666667,27.920083333333334,27.53625,27.385416666666668,28.179166666666664,27.363166666666668,28.208916666666667,27.705625
Brazil,Rio De Janeiro,24.363083333333336,24.989083333333337,25.176666666666666,24.896,24.238250000000004,24.792916666666667,24.57191666666667,24.77508333333334,24.260333333333335,24.983583333333332,24.952750000000005,24.31983333333333,24.838416666666664,25.188000000000002
Brazil,Salvador,25.35166666666667,25.592916666666667,25.5605,25.675750000000004,25.36583333333333,25.697083333333335,25.409499999999998,25.43841666666667,25.54375,25.999750000000002,25.776916666666665,25.283666666666665,25.648333333333337,26.138
Brazil,São Paulo,20.316666666666666,20.964000000000002,21.304,20.755666666666666,20.04825,20.783166666666666,20.603916666666667,20.93341666666667,20.220666666666666,20.775583333333334,20.716583333333332,20.330083333333334,21.01891666666667,20.0665
Burma,Rangoon,27.129416666666668,27.514416666666666,27.449833333333334,27.28316666666667,27.201166666666666,27.60875,27.51908333333333,27.350083333333334,27.275916666666664,27.631500000000003,28.21641666666667,27.20325,27.9525,28.038125
Canada,Montreal,5.13775,6.4639999999999995,6.014583333333333,4.916083333333334,4.9085833333333335,5.951083333333333,6.954166666666667,5.246,5.616833333333333,5.274416666666666,7.114416666666666,6.521249999999999,7.094,7.860333333333334
Canada,Toronto,6.6739999999999995,7.761666666666667,7.482333333333334,6.021999999999999,6.395833333333333,7.21675,7.8468333333333335,7.071333333333333,6.5767500000000005,6.282583333333332,7.7745,7.2995833333333335,8.664666666666667,8.459444444444445
Chile,Santiago,5.94775,6.414666666666666,6.25025,6.7739166666666675,6.316333333333334,6.222416666666667,6.838916666666667,5.510916666666667,6.567666666666667,6.703833333333333,6.132833333333333,6.268583333333333,6.818666666666666,5.938125
China,Changchun,5.410166666666666,5.76175,6.520833333333335,6.784333333333333,6.800666666666667,5.454750000000001,6.194,7.390499999999999,6.9902500000000005,5.8146666666666675,5.125,5.758666666666667,5.2219999999999995,6.9384999999999994
China,Chengdu,10.817583333333333,11.2575,11.384583333333332,11.350583333333335,10.971416666666668,11.094333333333333,11.840083333333332,11.663583333333333,11.133416666666667,11.616583333333333,11.368083333333333,11.074333333333334,11.15975,13.347000000000001
China,Chongqing,17.021666666666665,17.453166666666664,17.5115,17.418833333333335,17.202916666666667,17.20775,18.093333333333334,17.844166666666666,17.34691666666667,17.745916666666666,17.34691666666667,17.382916666666667,17.02808333333333,19.55075
China,Dalian,11.141083333333334,11.158916666666668,11.591666666666669,11.269333333333334,11.811666666666667,10.966000000000001,11.449166666666668,12.054333333333334,11.503083333333334,11.389416666666667,10.481916666666667,10.913583333333335,10.54625,11.445625
China,Guangzhou,22.08975,22.122249999999998,22.400750000000002,22.470416666666665,22.179333333333332,22.0635,22.491,22.538333333333338,21.78075,22.41925,22.00016666666667,21.68316666666667,21.949333333333332,22.9285
China,Harbin,4.204750000000001,4.460916666666667,5.083416666666667,5.543916666666667,5.429916666666666,4.292999999999999,4.715166666666667,6.236916666666667,5.843333333333334,4.319500000000001,3.85225,4.60025,4.0715,5.616874999999999
China,Jinan,14.065166666666668,14.094500000000002,14.613833333333334,13.566333333333333,14.366,13.828583333333334,14.726583333333332,14.645000000000001,13.976,14.201333333333332,13.766333333333334,13.603250000000001,13.724666666666666,15.43
China,Nanjing,16.479333333333333,16.472333333333335,16.814,16.323416666666667,16.8555,16.408166666666666,17.0185,17.240333333333336,16.33875,16.631583333333335,16.443083333333334,16.21891666666667,16.131000000000004,17.884125
China,Peking,12.88125,13.061083333333334,13.388083333333336,12.835833333333333,13.288166666666667,12.893833333333333,13.250583333333333,13.696833333333332,13.124,12.96775,12.2495,12.770249999999999,12.292833333333334,14.138625000000001
China,Shanghai,16.904166666666665,16.934333333333335,17.220666666666666,16.742166666666666,17.241,16.74741666666667,17.414416666666664,17.62575,16.724333333333334,17.012,16.748416666666667,16.518,16.4745,17.857625
China,Shenyang,7.9055,7.969583333333333,8.643333333333334,8.616916666666667,8.90875,7.7475,8.523916666666667,9.19325,8.824583333333335,8.266416666666666,7.58625,8.043833333333334,7.53925,9.304875000000001
China,Taiyuan,8.934166666666668,9.405166666666668,9.49175,8.582916666666668,9.132,9.082166666666668,9.794333333333332,9.662833333333333,8.799833333333334,9.101333333333333,9.080666666666668,8.643166666666668,8.543000000000001,11.032875
China,Tangshan,12.514166666666668,12.852583333333335,13.07875,12.174999999999999,12.748166666666668,12.632166666666668,13.216583333333332,13.2695,12.617583333333334,12.630583333333334,12.379,12.258833333333333,12.132666666666667,14.249875000000001
China,Tianjin,12.88125,13.061083333333334,13.388083333333336,12.835833333333333,13.288166666666667,12.893833333333333,13.250583333333333,13.696833333333332,13.124,12.96775,12.2495,12.770249999999999,12.292833333333334,14.138625000000001
China,Wuhan,17.442666666666668,17.689666666666668,17.788,17.482,17.97458333333333,17.548750000000002,18.030916666666666,18.24066666666667,17.597583333333333,17.816750000000003,17.568250000000003,17.387583333333335,17.153333333333332,19.2855
China,Xian,12.182,12.431833333333332,12.816,11.89575,12.494916666666667,12.244750000000002,12.990749999999998,12.765833333333333,12.128749999999998,12.528416666666667,12.58975,12.075166666666668,11.898166666666667,14.459999999999999
Colombia,Bogotá,20.224416666666666,20.741583333333335,20.922416666666667,20.89966666666667,20.851,20.92291666666667,20.788,20.730916666666666,20.336666666666666,21.006916666666665,20.954250000000002,20.54425,20.751583333333333,21.016
Colombia,Cali,22.012,22.497416666666666,22.729833333333332,22.675666666666668,22.625500000000002,22.689833333333336,22.595166666666668,22.475666666666665,22.068166666666666,22.867333333333335,22.682833333333335,22.330000000000002,22.58475,22.854750000000003
Congo (Democratic Republic Of The),Kinshasa,24.17816666666667,24.250500000000002,24.626500000000004,24.636333333333337,24.664333333333335,24.705333333333332,24.587166666666665,24.5705,24.51591666666667,24.58175,24.90341666666667,24.1985,24.2105,24.408375
Côte D'Ivoire,Abidjan,26.753083333333336,26.693583333333336,26.840999999999998,27.050666666666668,26.986,26.976583333333334,26.988083333333336,27.006833333333333,26.9445,26.982,27.44541666666667,27.017583333333334,26.766333333333336,27.2285
Dominican Republic,Santo Domingo,26.34691666666667,26.79825,27.051000000000002,27.09175,26.70741666666667,26.904583333333335,27.080833333333334,27.12091666666667,26.56266666666667,26.88366666666667,27.012083333333333,26.6635,26.839416666666665,26.884
Egypt,Alexandria,20.744500000000002,21.454583333333332,21.456166666666665,21.221416666666666,21.064166666666665,21.082333333333334,21.14816666666667,21.50775,21.739,21.6705,22.45958333333333,21.1815,21.55258333333333,21.4385
Egypt,Cairo,21.486166666666666,22.330833333333334,22.414083333333334,22.1705,22.081916666666668,22.006500000000003,22.05,22.361,22.644499999999997,22.625,23.71825,21.98691666666667,22.48425,22.907
Egypt,Gizeh,21.486166666666666,22.330833333333334,22.414083333333334,22.1705,22.081916666666668,22.006500000000003,22.05,22.361,22.644499999999997,22.625,23.71825,21.98691666666667,22.48425,22.907
Ethiopia,Addis Abeba,18.24125,18.29641666666667,18.46975,18.320916666666665,18.29275,18.312833333333334,18.427083333333332,18.142583333333334,18.165,18.765333333333334,18.29825,18.60675,18.448583333333335,19.539
France,Paris,11.739666666666666,11.371250000000002,11.871333333333332,11.9095,11.338833333333334,11.552916666666667,11.788499999999999,11.750833333333334,11.27825,11.464083333333333,10.409833333333333,12.325750000000001,11.219916666666668,11.011624999999999
Germany,Berlin,10.963666666666667,9.69025,10.264416666666667,10.06575,9.822583333333332,9.919083333333335,10.545333333333334,10.883166666666668,10.65775,10.0625,8.606833333333332,10.556416666666667,9.964333333333334,10.1215
India,Ahmadabad,27.436000000000003,27.198083333333333,27.719083333333334,27.403833333333335,27.628333333333334,26.828083333333336,27.282833333333333,27.511166666666668,27.0485,28.095833333333335,28.017833333333332,27.29041666666667,27.02725,27.608625000000004
India,Bangalore,25.33791666666667,25.528166666666667,25.755333333333336,25.924750000000003,25.25208333333333,25.4765,25.41825,25.464333333333332,25.35258333333333,25.72575,25.705250000000003,25.362083333333334,26.042333333333335,26.610500000000002
India,Bombay,27.203666666666667,27.24366666666667,27.628666666666664,27.578416666666666,27.318749999999998,27.035750000000004,27.381500000000003,27.634666666666664,27.177750000000003,27.8445,27.765416666666667,27.38491666666667,27.192500000000006,26.713
India,Calcutta,26.491333333333333,26.51516666666667,26.703916666666668,26.561333333333334,26.634333333333334,26.729166666666668,26.98625,26.58458333333333,26.522333333333336,27.15325,27.288833333333333,26.40691666666667,26.935083333333335,27.36925
India,Delhi,26.048333333333332,25.862916666666667,26.634333333333334,25.721083333333336,26.23991666666667,25.716083333333334,26.365916666666667,26.145666666666667,25.675,26.55425,26.52025,25.629500000000004,25.889416666666666,26.70925
India,Hyderabad,27.231833333333338,27.555166666666665,27.665166666666664,27.844583333333333,27.2285,27.488833333333336,27.471,27.545333333333332,27.44666666666667,28.026500000000002,27.693416666666668,27.408833333333334,28.018583333333336,28.851250000000004
India,Jaipur,26.43025,26.023,27.031666666666666,26.027416666666667,26.642166666666668,25.77225,26.429833333333335,26.267,25.877583333333334,26.9195,26.818416666666664,25.9165,25.884500000000003,26.844125
India,Kanpur,25.353916666666667,25.3265,26.116833333333332,25.40908333333333,25.5865,25.6215,25.848833333333335,25.436083333333332,25.109750000000002,25.98708333333333,26.02175,25.062083333333334,25.44541666666667,26.12125
India,Lakhnau,25.353916666666667,25.3265,26.116833333333332,25.40908333333333,25.5865,25.6215,25.848833333333335,25.436083333333332,25.109750000000002,25.98708333333333,26.02175,25.062083333333334,25.44541666666667,26.12125
India,Madras,28.811666666666667,29.162916666666664,29.246499999999997,29.273083333333336,28.810916666666667,29.09941666666667,29.07325,28.970166666666668,29.024083333333333,29.417416666666668,29.04733333333333,29.063166666666664,29.77841666666667,30.41175
India,Nagpur,26.181416666666667,26.32166666666667,26.753,26.503833333333333,26.406333333333333,26.229166666666668,26.37483333333333,26.393666666666665,26.188,27.13891666666667,26.927000000000003,26.004666666666665,26.327916666666667,27.112375
India,New Delhi,26.048333333333332,25.862916666666667,26.634333333333334,25.721083333333336,26.23991666666667,25.716083333333334,26.365916666666667,26.145666666666667,25.675,26.55425,26.52025,25.629500000000004,25.889416666666666,26.70925
India,Pune,25.110916666666668,25.337833333333336,25.583000000000002,25.748416666666667,25.316166666666664,25.085583333333332,25.310166666666664,25.584833333333336,25.23025,25.86825,25.749166666666667,25.161416666666668,25.296833333333336,25.847625
India,Surat,27.029,26.89725,27.34775,27.23091666666667,27.290583333333334,26.724500000000003,27.149416666666667,27.31175,26.82875,27.819833333333335,27.68166666666667,27.016583333333333,26.88925,27.43775
Indonesia,Jakarta,27.198000000000004,27.132333333333335,27.400166666666667,27.517666666666667,27.423416666666668,27.2205,27.387500000000003,27.207000000000004,26.97283333333333,27.31025,27.247333333333334,27.243166666666667,27.36266666666667,27.373125
Indonesia,Surabaya,27.44333333333333,27.519416666666668,27.713333333333335,27.68733333333334,27.6875,27.768416666666667,27.554916666666667,27.486083333333337,27.338416666666664,27.68716666666667,27.545083333333334,27.190250000000002,27.47875,27.296625
Iran,Mashhad,14.154416666666664,14.642416666666668,14.258833333333333,13.541333333333334,14.301499999999999,14.04875,14.60725,13.735833333333334,13.718416666666668,14.118,15.211916666666667,13.928583333333334,13.566,15.938500000000001
Iraq,Baghdad,23.89633333333333,24.445916666666665,23.764750000000003,23.88,23.721500000000002,23.578333333333333,23.81625,23.924750000000003,24.0895,23.867333333333335,25.493916666666667,23.4375,24.344833333333337,25.142875
Italy,Rome,13.42425,13.22525,13.135666666666665,13.618833333333335,12.753916666666669,12.160000000000002,12.869750000000002,13.318083333333334,13.010916666666667,13.280166666666668,12.6285,13.463166666666668,13.454166666666666,13.60275
Japan,Nagoya,15.667666666666667,15.473666666666666,15.730083333333333,15.352083333333333,16.325,15.36275,15.446,15.937750000000001,15.571083333333334,15.667166666666667,15.872916666666669,15.434583333333336,15.208833333333333,16.021375000000003
Japan,Tokyo,13.501833333333336,13.125833333333333,13.421999999999999,12.8855,14.04725,12.987166666666667,13.280416666666667,13.681333333333335,13.310666666666668,13.546083333333334,13.820500000000001,13.321833333333336,13.11325,13.9115
Kenya,Nairobi,16.734583333333333,16.096833333333333,16.613833333333332,16.873833333333334,16.917749999999998,17.281916666666667,16.92475,16.599416666666666,16.659166666666668,17.30183333333333,16.822333333333333,16.897,16.838,16.909375
Mexico,Mexico,16.113916666666668,15.978833333333334,16.37,16.651083333333336,16.204416666666667,16.702666666666666,16.3735,16.378083333333333,16.219416666666667,16.653666666666666,15.873083333333334,16.639166666666664,16.4265,17.342444444444443
Morocco,Casablanca,18.163666666666668,18.727333333333334,18.245916666666666,18.399083333333333,18.071583333333333,18.182083333333335,18.379083333333334,17.934916666666666,17.80025,18.561333333333334,18.82525,18.533083333333334,18.244666666666667,18.789625
Nigeria,Ibadan,26.752666666666666,26.76125,26.984750000000002,27.149083333333333,27.114083333333337,27.27316666666667,27.379250000000003,27.28525,27.066833333333335,27.347916666666666,27.55541666666667,27.132333333333335,26.996333333333336,27.169
Nigeria,Kano,26.376416666666668,26.471500000000002,26.955583333333333,26.831500000000002,26.99116666666667,27.27475,27.25916666666667,27.246750000000002,26.709166666666665,27.47775,27.6365,27.2025,26.87375,27.761875000000003
Nigeria,Lagos,27.021083333333333,26.92125,27.13475,27.367333333333335,27.319833333333335,27.38575,27.526750000000003,27.456166666666665,27.298666666666666,27.528833333333335,27.793333333333333,27.352500000000003,27.153166666666667,27.3585
Pakistan,Faisalabad,25.323416666666663,25.179083333333335,25.6095,24.71375,25.55216666666667,24.662833333333335,25.16625,25.15608333333333,24.89016666666667,25.365750000000002,25.47791666666667,24.975250000000003,24.869416666666666,25.952625
Pakistan,Karachi,27.11641666666667,27.279583333333335,27.199916666666667,26.967250000000003,27.500583333333335,26.799833333333336,26.730666666666668,27.207916666666666,26.74025,27.414416666666668,27.454333333333334,27.02208333333333,26.74983333333333,27.211625
Pakistan,Lahore,25.323416666666663,25.179083333333335,25.6095,24.71375,25.55216666666667,24.662833333333335,25.16625,25.15608333333333,24.89016666666667,25.365750000000002,25.47791666666667,24.975250000000003,24.869416666666666,25.952625
Peru,Lima,17.018166666666666,16.948666666666668,17.44333333333333,17.35683333333333,17.29375,17.0195,17.608333333333334,16.680166666666665,17.337416666666666,17.397000000000002,16.968999999999998,17.03475,17.680916666666665,16.995375
Philippines,Manila,27.020666666666667,27.17125,27.103083333333334,27.073166666666665,27.094250000000002,27.12041666666667,27.23091666666667,27.20625,26.937583333333333,26.915916666666664,27.492333333333335,26.8165,27.33641666666667,27.869
Russia,Moscow,5.960916666666666,5.316166666666667,5.634250000000001,4.987666666666667,5.3155833333333335,5.542416666666667,4.9110000000000005,6.4270000000000005,6.759083333333334,5.685416666666666,5.914666666666666,6.009833333333333,5.200916666666667,6.798875000000001
Russia,Saint Petersburg,6.184666666666666,4.963500000000001,5.0767500000000005,4.847416666666667,5.113666666666667,5.553250000000001,5.474916666666666,5.913250000000001,6.408416666666667,5.177416666666667,4.239916666666667,6.0562499999999995,4.661,6.058750000000002
Saudi Arabia,Jiddah,28.18466666666667,28.56266666666667,28.56533333333333,28.787833333333335,28.511,28.528833333333335,28.582916666666666,28.543499999999998,28.709,28.738333333333333,29.422083333333333,28.479249999999997,28.994500000000002,28.875875
Saudi Arabia,Riyadh,26.545666666666666,26.665166666666668,26.436666666666667,26.617250000000002,26.199333333333332,26.269499999999997,26.243166666666667,26.491249999999997,26.214,26.70625,27.374750000000002,26.396749999999997,26.83475,27.777500000000003
Senegal,Dakar,25.259333333333334,25.792,25.40416666666667,25.25091666666667,25.38083333333333,25.78441666666667,25.320666666666668,25.33575,25.49775,25.0115,26.10366666666667,25.411,25.473,24.695375000000002
Singapore,Singapore,27.096500000000002,27.189333333333337,27.40608333333334,27.311833333333336,27.328666666666667,27.493583333333333,27.32841666666667,27.13,27.067666666666668,27.473333333333333,27.6035,27.28216666666667,27.303583333333336,27.602875
Somalia,Mogadishu,27.78741666666667,27.67891666666667,27.773500000000002,28.03291666666667,27.853166666666667,28.081333333333333,27.783,28.084750000000003,27.745416666666667,28.225333333333335,28.025583333333334,28.27508333333333,28.1895,27.941375
South Africa,Cape Town,17.147916666666667,16.917833333333334,16.64916666666667,16.6235,16.975416666666668,16.874750000000002,16.925833333333333,16.712666666666667,16.539416666666668,16.956333333333333,16.6765,16.621083333333335,16.605583333333332,16.66025
South Africa,Durban,20.7415,21.246916666666667,21.07275,21.105833333333333,21.107,21.137833333333337,20.862,21.06566666666667,20.891083333333334,20.7055,21.53616666666667,20.722333333333335,21.24291666666667,21.305374999999998
South Korea,Seoul,11.415833333333333,11.597583333333333,11.799,11.797583333333334,12.248416666666666,11.161833333333334,12.007916666666667,12.252166666666668,11.964083333333333,11.83675,11.298333333333334,11.122416666666666,11.227083333333333,12.118375
Spain,Madrid,12.203000000000001,12.329749999999999,12.515833333333333,12.924083333333334,12.172416666666669,12.262666666666668,13.056916666666666,11.88875,11.916666666666666,12.959000000000001,12.006416666666667,13.2765,12.329833333333333,12.684875
Sudan,Umm Durman,29.62125,29.8055,29.989500000000003,29.679916666666667,29.890416666666667,30.168333333333333,29.551833333333335,29.584166666666665,29.911333333333335,30.460166666666666,30.730166666666666,29.963666666666665,29.961083333333335,30.6505
Syria,Aleppo,18.14925,18.750666666666667,18.219,18.203083333333336,18.14591666666667,18.105666666666668,18.166083333333333,18.392166666666668,18.590083333333332,18.438083333333335,19.97941666666667,18.016583333333333,18.691916666666668,19.503625
Taiwan,Taipei,23.095333333333333,23.15341666666667,23.447083333333335,23.222416666666664,22.9305,22.782750000000004,23.378833333333333,23.382416666666668,23.020833333333332,23.135583333333333,23.002416666666672,22.551833333333335,22.815916666666666,23.237
Tanzania,Dar Es Salaam,26.1835,26.27525,26.359083333333334,26.692666666666668,26.342250000000003,26.79625,26.36191666666667,26.451083333333333,26.174583333333334,26.668333333333333,26.70441666666667,26.55791666666667,26.508250000000004,26.763125000000002
Thailand,Bangkok,27.523,27.812833333333334,27.9815,27.790000000000003,27.79766666666667,27.924333333333337,27.918083333333332,27.787166666666668,27.48091666666667,27.785666666666668,28.536916666666666,27.558333333333337,28.483833333333333,28.984750000000002
Turkey,Ankara,10.38925,12.3195,10.808333333333332,11.284333333333334,10.9915,11.237916666666669,11.1185,11.871583333333334,11.33075,11.628250000000001,13.268583333333334,10.389666666666667,11.452416666666666,13.267125
Turkey,Istanbul,14.291583333333334,15.107,14.505666666666668,13.905666666666669,14.234916666666669,14.229583333333332,14.110833333333334,14.978499999999999,14.908416666666668,14.9495,15.600416666666666,13.653833333333333,14.972583333333333,16.015875
Turkey,Izmir,17.969416666666667,18.629083333333334,18.1785,17.806166666666666,17.965,17.78425,17.707333333333334,18.59525,18.47158333333333,18.40908333333333,19.270750000000003,17.5975,18.53725,19.213875
Ukraine,Kiev,8.81875,8.424000000000001,8.874833333333333,7.799083333333333,8.323583333333334,8.387416666666667,7.884499999999999,9.456000000000001,9.23825,8.819749999999999,8.965,8.479666666666667,8.564583333333333,10.331375000000001
United Kingdom,London,10.519166666666667,10.180416666666668,10.911416666666668,10.809416666666666,10.767833333333334,10.630333333333335,11.09675,10.834416666666668,10.377583333333334,10.5235,9.3755,11.193583333333335,9.997583333333333,9.907250000000001
United States,Chicago,11.089666666666666,11.703083333333334,11.532083333333333,10.481583333333333,10.943416666666666,11.583833333333333,11.8705,11.448333333333336,10.242416666666667,10.298333333333334,11.815916666666666,11.21425,12.82125,11.58688888888889
United States,Los Angeles,16.643333333333334,16.46625,16.430249999999997,16.944666666666667,16.552833333333336,16.431416666666667,16.623083333333334,16.699916666666667,17.014750000000003,16.677,15.887,15.874833333333333,17.089583333333334,18.12066666666667
United States,New York,9.969083333333334,10.931,11.252166666666668,9.836,10.3895,10.681416666666665,11.51925,10.627333333333334,10.641666666666667,10.141833333333333,11.357583333333332,11.27225,11.9715,12.163888888888888
Vietnam,Ho Chi Minh City,27.588916666666666,27.831750000000003,28.06475,27.82766666666667,27.686583333333335,27.884,28.044,27.866666666666664,27.611416666666667,27.853333333333335,28.281750000000002,27.675416666666667,28.24875,28.455
Zimbabwe,Harare,20.283666666666665,20.861,21.079333333333334,20.889166666666668,20.307666666666666,21.487416666666665,20.699749999999998,20.74625,20.6805,20.523833333333332,21.165833333333335,20.78175,20.523333333333333,19.7565
